# ************************************************************
# Sequel Pro SQL dump
# Version 4541
#
# http://www.sequelpro.com/
# https://github.com/sequelpro/sequelpro
#
# Host: 127.0.0.1 (MySQL 5.6.38)
# Database: db_baobao_moego
# Generation Time: 2019-10-18 06:43:46 +0000
# ************************************************************


/*!40101 SET @OLD_CHARACTER_SET_CLIENT=@@CHARACTER_SET_CLIENT */;
/*!40101 SET @OLD_CHARACTER_SET_RESULTS=@@CHARACTER_SET_RESULTS */;
/*!40101 SET @OLD_COLLATION_CONNECTION=@@COLLATION_CONNECTION */;
/*!40101 SET NAMES utf8 */;
/*!40014 SET @OLD_FOREIGN_KEY_CHECKS=@@FOREIGN_KEY_CHECKS, FOREIGN_KEY_CHECKS=0 */;
/*!40101 SET @OLD_SQL_MODE=@@SQL_MODE, SQL_MODE='NO_AUTO_VALUE_ON_ZERO' */;
/*!40111 SET @OLD_SQL_NOTES=@@SQL_NOTES, SQL_NOTES=0 */;


# Dump of table t_dict
# ------------------------------------------------------------

DROP TABLE IF EXISTS `t_dict`;

CREATE TABLE `t_dict` (
  `id` varchar(255) NOT NULL,
  `create_by` varchar(255) DEFAULT NULL,
  `create_time` datetime DEFAULT NULL,
  `del_flag` int(11) DEFAULT NULL,
  `update_by` varchar(255) DEFAULT NULL,
  `update_time` datetime DEFAULT NULL,
  `description` varchar(255) DEFAULT NULL,
  `title` varchar(255) DEFAULT NULL,
  `type` varchar(255) DEFAULT NULL,
  `sort_order` decimal(10,2) DEFAULT NULL,
  PRIMARY KEY (`id`)
) ENGINE=InnoDB DEFAULT CHARSET=utf8;

LOCK TABLES `t_dict` WRITE;
/*!40000 ALTER TABLE `t_dict` DISABLE KEYS */;

INSERT INTO `t_dict` (`id`, `create_by`, `create_time`, `del_flag`, `update_by`, `update_time`, `description`, `title`, `type`, `sort_order`)
VALUES
	('75135930788220928','admin','2019-10-11 17:34:23',0,'admin','2019-10-11 17:34:23','','性别','sex',0.00),
	('75388696739713024','admin','2019-10-11 17:34:23',0,'admin','2019-10-11 17:34:23','','按钮权限类型','permission_type',3.00);

/*!40000 ALTER TABLE `t_dict` ENABLE KEYS */;
UNLOCK TABLES;


# Dump of table t_dict_data
# ------------------------------------------------------------

DROP TABLE IF EXISTS `t_dict_data`;

CREATE TABLE `t_dict_data` (
  `id` varchar(255) NOT NULL,
  `create_by` varchar(255) DEFAULT NULL,
  `create_time` datetime DEFAULT NULL,
  `del_flag` int(11) DEFAULT NULL,
  `update_by` varchar(255) DEFAULT NULL,
  `update_time` datetime DEFAULT NULL,
  `description` varchar(255) DEFAULT NULL,
  `dict_id` varchar(255) DEFAULT NULL,
  `sort_order` decimal(10,2) DEFAULT NULL,
  `status` int(11) DEFAULT NULL,
  `title` varchar(255) DEFAULT NULL,
  `value` varchar(255) DEFAULT NULL,
  PRIMARY KEY (`id`)
) ENGINE=InnoDB DEFAULT CHARSET=utf8;

LOCK TABLES `t_dict_data` WRITE;
/*!40000 ALTER TABLE `t_dict_data` DISABLE KEYS */;

INSERT INTO `t_dict_data` (`id`, `create_by`, `create_time`, `del_flag`, `update_by`, `update_time`, `description`, `dict_id`, `sort_order`, `status`, `title`, `value`)
VALUES
	('1182590255962812418','admin','2019-10-11 17:34:23',0,'admin','2019-10-11 17:34:23','','75388696739713024',0.00,0,'搜索数据(search)','search'),
	('75158227712479232','admin','2019-10-11 17:34:23',0,'admin','2019-10-11 16:51:13','','75135930788220928',0.00,0,'男','男'),
	('75159254272577536','admin','2019-10-11 17:34:23',0,'admin','2019-10-11 16:53:27','','75135930788220928',1.00,0,'女','女'),
	('75159898425397248','admin','2019-10-11 17:34:23',0,'admin','2019-10-11 17:34:23','','75135930788220928',2.00,0,'保密','保密'),
	('75390787835138048','admin','2019-10-11 17:34:23',0,'admin','2019-10-11 17:34:23','','75388696739713024',0.00,0,'查看操作(view)','view'),
	('75390886501945344','admin','2019-10-11 17:34:23',0,'admin','2019-10-11 17:34:23','','75388696739713024',1.00,0,'添加操作(add)','add'),
	('75390993939042304','admin','2019-10-11 17:34:23',0,'admin','2019-10-11 17:34:23','','75388696739713024',2.00,0,'编辑操作(edit)','edit'),
	('75391067532300288','admin','2019-10-11 17:34:23',0,'admin','2019-10-11 17:34:23','','75388696739713024',3.00,0,'删除操作(delete)','delete'),
	('75391126902673408','admin','2019-10-11 17:34:23',0,'admin','2019-10-11 17:34:23','','75388696739713024',4.00,0,'清空操作(clear)','clear'),
	('75391192883269632','admin','2019-10-11 17:34:23',0,'admin','2019-10-11 17:34:23','','75388696739713024',5.00,0,'启用操作(enable)','enable'),
	('75391251024711680','admin','2019-10-11 17:34:23',0,'admin','2019-10-11 17:34:23','','75388696739713024',6.00,0,'禁用操作(disable)','disable'),
	('75391297124306944','admin','2019-10-11 17:34:23',0,'admin','2019-10-11 17:34:23','','75388696739713024',7.00,0,'搜索操作(search)','search'),
	('75391343379091456','admin','2019-10-11 17:34:23',0,'admin','2019-10-11 17:34:23','','75388696739713024',8.00,0,'上传文件(upload)','upload'),
	('75391407526776832','admin','2019-10-11 17:34:23',0,'admin','2019-10-11 17:34:23','','75388696739713024',9.00,0,'导出操作(output)','output'),
	('75391475042488320','admin','2019-10-11 17:34:23',0,'admin','2019-10-11 17:34:23','','75388696739713024',10.00,0,'导入操作(input)','input'),
	('75391522182270976','admin','2019-10-11 17:34:23',0,'admin','2019-10-11 17:34:23','','75388696739713024',11.00,0,'分配权限(editPerm)','editPerm'),
	('75391576364290048','admin','2019-10-11 17:34:23',0,'admin','2019-10-11 17:34:23','','75388696739713024',12.00,0,'设为默认(setDefault)','setDefault'),
	('75391798033256448','admin','2019-10-11 17:34:23',0,'admin','2019-10-11 17:34:23','','75388696739713024',13.00,0,'其他操作(other)','other');

/*!40000 ALTER TABLE `t_dict_data` ENABLE KEYS */;
UNLOCK TABLES;


# Dump of table t_log
# ------------------------------------------------------------

DROP TABLE IF EXISTS `t_log`;

CREATE TABLE `t_log` (
  `id` varchar(255) NOT NULL,
  `create_by` varchar(255) DEFAULT NULL,
  `create_time` datetime DEFAULT NULL,
  `del_flag` int(11) DEFAULT NULL,
  `update_by` varchar(255) DEFAULT NULL,
  `update_time` datetime DEFAULT NULL,
  `cost_time` int(11) DEFAULT NULL,
  `ip` varchar(255) DEFAULT NULL,
  `ip_info` varchar(255) DEFAULT NULL,
  `name` varchar(255) DEFAULT NULL,
  `request_param` varchar(9999) DEFAULT NULL,
  `request_type` varchar(255) DEFAULT NULL,
  `request_url` varchar(255) DEFAULT NULL,
  `username` varchar(255) DEFAULT NULL,
  `log_type` int(11) DEFAULT NULL,
  PRIMARY KEY (`id`)
) ENGINE=InnoDB DEFAULT CHARSET=utf8;



# Dump of table t_permission
# ------------------------------------------------------------

DROP TABLE IF EXISTS `t_permission`;

CREATE TABLE `t_permission` (
  `id` varchar(255) NOT NULL,
  `create_by` varchar(255) DEFAULT NULL,
  `create_time` datetime DEFAULT NULL,
  `del_flag` int(11) DEFAULT NULL,
  `update_by` varchar(255) DEFAULT NULL,
  `update_time` datetime DEFAULT NULL,
  `description` varchar(255) DEFAULT NULL,
  `name` varchar(255) DEFAULT NULL,
  `parent_id` varchar(255) DEFAULT NULL,
  `type` int(11) DEFAULT NULL,
  `sort_order` decimal(10,2) DEFAULT NULL,
  `component` varchar(255) DEFAULT NULL,
  `path` varchar(255) DEFAULT NULL,
  `title` varchar(255) DEFAULT NULL,
  `icon` varchar(255) DEFAULT NULL,
  `level` int(11) DEFAULT NULL,
  `button_type` varchar(255) DEFAULT NULL,
  `status` int(11) DEFAULT NULL,
  `url` varchar(255) DEFAULT NULL,
  `show_always` bit(1) DEFAULT NULL,
  PRIMARY KEY (`id`)
) ENGINE=InnoDB DEFAULT CHARSET=utf8;

LOCK TABLES `t_permission` WRITE;
/*!40000 ALTER TABLE `t_permission` DISABLE KEYS */;

INSERT INTO `t_permission` (`id`, `create_by`, `create_time`, `del_flag`, `update_by`, `update_time`, `description`, `name`, `parent_id`, `type`, `sort_order`, `component`, `path`, `title`, `icon`, `level`, `button_type`, `status`, `url`, `show_always`)
VALUES
	('1182587530508267521',NULL,'2019-10-11 17:23:33',0,NULL,'2019-10-11 18:01:21',NULL,'','5129710648430594',1,1.10,'','/baobao-admin/role/getAllByPage*','查看角色','',3,'view',0,NULL,b'1'),
	('1182588657152847873',NULL,'2019-10-11 17:28:02',0,NULL,'2019-10-11 17:49:52',NULL,'','5129710648430595',1,1.31,'','/baobao-admin/permission/getAllList','查看菜单','',3,'view',0,NULL,b'1'),
	('1182590620577853441',NULL,'2019-10-11 17:35:50',0,NULL,'2019-10-11 17:35:50',NULL,'','5129710648430595',1,0.00,'','/baobao-admin/permission/search*','搜索菜单','',3,'search',0,NULL,b'1'),
	('1182594574640508929',NULL,'2019-10-11 17:51:33',0,NULL,'2019-10-11 17:56:59',NULL,'','75002207560273920',1,0.00,'','/baobao-admin/dict/getAll','查看字典','',3,'view',0,NULL,b'1'),
	('1182594732375699457',NULL,'2019-10-11 17:52:10',0,NULL,'2019-10-11 17:52:26',NULL,'','75002207560273920',1,0.00,'','/baobao-admin/dict/search*','搜索字典','',3,'search',0,NULL,b'1'),
	('1182596240693555201',NULL,'2019-10-11 17:58:10',0,NULL,'2019-10-11 18:00:03',NULL,'','75002207560273920',1,1.84,'','/baobao-admin/dictData/getByCondition*','查看字典数据','',3,'other',0,NULL,b'1'),
	('1182620673709731842',NULL,'2019-10-11 19:35:15',0,NULL,'2019-10-11 19:35:35',NULL,'','41363147411427328',1,0.00,'','/baobao-admin/log/getAllByPage*','查看日志','',3,'view',0,NULL,b'1'),
	('1182624063097434114',NULL,'2019-10-11 19:48:43',0,NULL,'2019-10-11 19:49:21',NULL,'','190708590103760896',1,0.00,'','/baobao-admin/getNotices*','查看公告','',3,'view',0,NULL,b'1'),
	('1182624627810136066',NULL,'2019-10-11 19:50:58',0,NULL,'2019-10-11 19:51:11',NULL,'','190938120525451264',1,0.00,'','/baobao-admin/sendMail','发送邮件','',3,'other',0,NULL,b'1'),
	('1182625465563639810',NULL,'2019-10-11 19:54:18',0,NULL,'2019-10-11 19:54:18',NULL,'','191025310974611456',1,0.00,'','/baobao-admin/delFeedbackById*','删除单条反馈','',3,'delete',0,NULL,b'1'),
	('1182625736150773761',NULL,'2019-10-11 19:55:22',0,NULL,'2019-10-11 19:55:22',NULL,'','191025310974611456',1,0.00,'','/baobao-admin/delFeedbackBytime*','删除参数时间前反馈','',3,'other',0,NULL,b'1'),
	('1182625885757403138',NULL,'2019-10-11 19:55:58',0,NULL,'2019-10-11 19:55:58',NULL,'','191025310974611456',1,0.00,'','/baobao-admin/getFeedback','查看反馈','',3,'view',0,NULL,b'1'),
	('1182626085720846337',NULL,'2019-10-11 19:56:46',0,NULL,'2019-10-11 20:07:22',NULL,'','191025310974611456',1,0.00,'','/baobao-admin/getFeedbackEx*','导出反馈数据','',3,'output',0,NULL,b'1'),
	('1182627077061373953',NULL,'2019-10-11 20:00:42',0,NULL,'2019-10-11 20:00:42',NULL,'','191273968051687424',1,0.00,'','/baobao-admin/addcdkey','添加CDK','',3,'add',0,NULL,b'1'),
	('1182627409585795074',NULL,'2019-10-11 20:02:01',0,NULL,'2019-10-11 20:02:01',NULL,'','191273968051687424',1,0.00,'','/baobao-admin/exportExcel*','导出CDK数据','',3,'output',0,NULL,b'1'),
	('1182630141449236482',NULL,'2019-10-11 20:12:53',0,NULL,'2019-10-11 20:14:03',NULL,'','190703255821488128',1,0.00,'','/baobao-admin/updateUser','更新游戏用户','',3,'edit',0,NULL,b'1'),
	('1182630362816212994',NULL,'2019-10-11 20:13:45',0,NULL,'2019-10-11 20:13:45',NULL,'','190703255821488128',1,0.00,'','/baobao-admin/getAllUsers*','查看游戏用户','',3,'view',0,NULL,b'1'),
	('1182630584720060418',NULL,'2019-10-11 20:14:38',0,NULL,'2019-10-11 20:14:38',NULL,'','190703255821488128',1,0.00,'','/baobao-admin/getBags*','查看玩家背包','',3,'view',0,NULL,b'1'),
	('1182630729545183233',NULL,'2019-10-11 20:15:13',0,NULL,'2019-10-11 20:15:13',NULL,'','190703255821488128',1,0.00,'','/baobao-admin/searchUser*','搜索游戏用户','',3,'search',0,NULL,b'1'),
	('1182630905370406914',NULL,'2019-10-11 20:15:55',0,NULL,'2019-10-11 20:15:55',NULL,'','190703255821488128',1,0.00,'','/baobao-admin/recharge*','充值','',3,'other',0,NULL,b'1'),
	('1182631077265567746',NULL,'2019-10-11 20:16:36',0,NULL,'2019-10-11 20:16:36',NULL,'','190703255821488128',1,0.00,'','/baobao-admin/queryStock*','查看玩家股票','',3,'',0,NULL,b'1'),
	('1182631208119463937',NULL,'2019-10-11 20:17:07',0,NULL,'2019-10-11 20:17:07',NULL,'','190703255821488128',1,0.00,'','/baobao-admin/updateStock','更新玩家股票','',3,'other',0,NULL,b'1'),
	('1182631544242597889',NULL,'2019-10-11 20:18:27',0,NULL,'2019-10-11 20:18:27',NULL,'','190703255821488128',1,0.00,'','/baobao-admin/getStaffPostInfo*','查看上岗员工','',3,'view',0,NULL,b'1'),
	('1182631633363169282',NULL,'2019-10-11 20:18:48',0,NULL,'2019-10-11 20:18:48',NULL,'','190703255821488128',1,0.00,'','/baobao-admin/getAllStaffInfo*','查看全部员工','',3,'view',0,NULL,b'1'),
	('1182631780323192833',NULL,'2019-10-11 20:19:23',0,NULL,'2019-10-11 20:19:23',NULL,'','190703255821488128',1,0.00,'','/baobao-admin/getStaffInfo*','查看员工详情','',3,'view',0,NULL,b'1'),
	('1182632014872866817',NULL,'2019-10-11 20:20:19',0,NULL,'2019-10-11 20:20:19',NULL,'','192079301791715328',1,0.00,'','/baobao-admin/getStopServerInfo','查看停服信息','',3,'view',0,NULL,b'1'),
	('1182632135081619458',NULL,'2019-10-11 20:20:48',0,NULL,'2019-10-11 20:20:48',NULL,'','192079301791715328',1,0.00,'','/baobao-admin/updateStopServerNotice','更新停服信息','',3,'undefined',0,NULL,b'1'),
	('1182632271467802625',NULL,'2019-10-11 20:21:20',0,NULL,'2019-10-11 20:21:20',NULL,'','192079301791715328',1,0.00,'','/baobao-admin/changeServerState','更新停服状态','',3,'edit',0,NULL,b'1'),
	('1182632447133642753',NULL,'2019-10-11 20:22:02',0,NULL,'2019-10-11 20:22:02',NULL,'','193885875149475840',1,0.00,'','/baobao-admin/uploadJson','json文件上传','',3,'upload',0,NULL,b'1'),
	('1182632615014854658',NULL,'2019-10-11 20:22:42',0,NULL,'2019-10-11 20:22:42',NULL,'','190703255821488128',1,0.00,'','/baobao-admin/getMarkets*','查看玩家店铺信息','',3,'view',0,NULL,b'1'),
	('1183735088622374914',NULL,'2019-10-14 21:23:33',0,NULL,'2019-10-14 21:25:50',NULL,'serverManage','5129710648430592',0,1.90,'sys/server-manage/serverManage','serverManage','服务器管理','ios-infinite',2,'',0,NULL,b'1'),
	('1183736545996214274',NULL,'2019-10-14 21:29:20',0,NULL,'2019-10-14 21:30:42',NULL,'','1183735088622374914',1,0.00,'','/baobao-admin/server/addServer','添加操作','',3,'add',0,NULL,b'1'),
	('1183736835797454849',NULL,'2019-10-14 21:30:29',0,NULL,'2019-10-14 21:30:29',NULL,'','1183735088622374914',1,0.00,'','/baobao-admin/server/getByPage*','查看操作','',3,'view',0,NULL,b'1'),
	('1183923979547701249',NULL,'2019-10-15 09:54:08',0,NULL,'2019-10-15 09:54:08',NULL,'','1183735088622374914',1,0.00,'','/baobao-admin/server/update','编辑操作','',3,'edit',0,NULL,b'1'),
	('1183924194556112897',NULL,'2019-10-15 09:54:59',0,NULL,'2019-10-15 09:54:59',NULL,'','1183735088622374914',1,0.00,'','/baobao-admin/server/disable','禁用操作','',3,'disable',0,NULL,b'1'),
	('1183924281030078465',NULL,'2019-10-15 09:55:20',0,NULL,'2019-10-15 09:55:20',NULL,'','1183735088622374914',1,0.00,'','/baobao-admin/server/enable','启用操作','',3,'enable',0,NULL,b'1'),
	('1184300492201664514',NULL,'2019-10-16 10:50:15',0,NULL,'2019-10-16 10:50:15',NULL,'','193885875149475840',1,0.00,'','/baobao-admin/loadRemoteConfigs','加载远程配置','',3,'other',0,NULL,b'1'),
	('1184797510200246273',NULL,'2019-10-17 19:45:14',0,NULL,'2019-10-17 19:45:14',NULL,'','191273968051687424',1,0.00,'','/baobao-admin/deleteCDkey*','删除CDkey','',3,'delete',0,NULL,b'1'),
	('1185073672570863618',NULL,'2019-10-18 14:02:36',0,NULL,'2019-10-18 14:02:36',NULL,'','191103805478146048',1,0.00,'','/baobao-admin/upload/file','上传','',3,'upload',0,NULL,b'1'),
	('125909152017944576','admin','2019-04-04 00:50:22',0,'admin','2019-10-11 16:02:50','','baobao','',-1,0.00,'','','宝宝超市管理系统','md-home',0,'',0,'',b'1'),
	('156365156580855808','admin','2019-06-27 01:51:39',0,'admin','2019-06-27 01:51:39',NULL,'','5129710648430593',1,1.18,'','/baobao-admin/user/resetPass','重置密码','',3,'other',0,NULL,b'1'),
	('15701400130424832','','2018-06-03 22:04:06',0,'','2018-09-19 22:16:44','','','5129710648430593',1,1.11,'','/baobao-admin/user/admin/add*','添加用户','',3,'add',0,'',b'1'),
	('15701915807518720','','2018-06-03 22:06:09',0,'','2018-06-06 14:46:51','','','5129710648430593',1,1.13,'','/baobao-admin/user/admin/disable/**','禁用用户','',3,'disable',0,NULL,b'1'),
	('15708892205944832','','2018-06-03 22:33:52',0,'','2018-06-28 16:44:48','','','5129710648430593',1,1.14,'','/baobao-admin/user/admin/enable/**','启用用户','',3,'enable',0,NULL,b'1'),
	('16678126574637056','','2018-06-06 14:45:16',0,'','2018-09-19 22:16:48','','','5129710648430593',1,1.12,'','/baobao-admin/user/admin/edit*','编辑用户','',3,'edit',0,'',b'1'),
	('16678447719911424','','2018-06-06 14:46:32',0,'','2018-08-10 21:41:16','','','5129710648430593',1,1.15,'','/baobao-admin/user/delByIds/**','删除用户','',3,'delete',0,'',b'1'),
	('16687383932047360','','2018-06-06 15:22:03',0,'','2018-09-19 22:07:34','','','5129710648430594',1,1.21,'','/baobao-admin/role/save*','添加角色','',3,'add',0,'',b'1'),
	('16689632049631232','','2018-06-06 15:30:59',0,'','2018-09-19 22:07:37','','','5129710648430594',1,1.22,'','/baobao-admin/role/edit*','编辑角色','',3,'edit',0,'',b'1'),
	('16689745006432256','','2018-06-06 15:31:26',0,'','2018-08-10 21:41:23','','','5129710648430594',1,1.23,'','/baobao-admin/role/delAllByIds/**','删除角色','',3,'delete',0,'',b'1'),
	('16689883993083904',NULL,'2018-06-06 15:31:59',0,NULL,'2018-06-06 15:31:59',NULL,NULL,'5129710648430594',1,1.24,NULL,'/baobao-admin/role/editRolePerm**','分配权限',NULL,3,'editPerm',0,NULL,b'1'),
	('16690313745666048','','2018-06-06 15:33:41',0,'','2018-09-19 22:07:46','','','5129710648430594',1,1.25,'','/baobao-admin/role/setDefault*','设为默认角色','',3,'setDefault',0,'',b'1'),
	('16694861252005888','','2018-06-06 15:51:46',0,'','2018-09-19 22:07:52','','','5129710648430595',1,1.31,'','/baobao-admin/permission/add*','添加菜单','',3,'add',0,'',b'1'),
	('16695107491205120','','2018-06-06 15:52:44',0,'','2018-09-19 22:07:57','','','5129710648430595',1,1.32,'','/baobao-admin/permission/edit*','编辑菜单','',3,'edit',0,'',b'1'),
	('16695243126607872','','2018-06-06 15:53:17',0,'','2018-08-10 21:41:33','','','5129710648430595',1,1.33,'','/baobao-admin/permission/delByIds/**','删除菜单','',3,'delete',0,'',b'1'),
	('187375853154340864','','2019-09-20 15:37:06',0,'','2019-10-18 10:12:20','','game','125909152017944576',0,2.00,'Main','/baobao/game','游戏管理','ios-basketball',1,'',0,'',b'1'),
	('190703255821488128',NULL,'2019-09-29 19:59:00',0,NULL,'2019-10-02 16:26:52',NULL,'user','187375853154340864',0,2.10,'game/user/allUsers','user','游戏用户','md-contacts',2,'',0,NULL,b'1'),
	('190708590103760896',NULL,'2019-09-29 20:20:12',0,NULL,'2019-10-02 16:30:56',NULL,'notice','187375853154340864',0,2.40,'game/notice/notice','notice','游戏公告','md-clipboard',2,'',0,NULL,b'1'),
	('190938120525451264',NULL,'2019-09-30 11:32:16',0,NULL,'2019-10-11 19:51:04',NULL,'send-mail','187375853154340864',0,2.30,'game/send-mail/sendMail','send-mail','邮件','ios-mail',2,'',0,NULL,b'1'),
	('190944664071704576',NULL,'2019-09-30 11:58:17',0,NULL,'2019-09-30 11:58:41',NULL,'','190708590103760896',1,0.00,'','/baobao-admin/addNotice','添加公告','',3,'add',0,NULL,b'1'),
	('190944889481990144',NULL,'2019-09-30 11:59:10',0,NULL,'2019-09-30 11:59:10',NULL,'','190708590103760896',1,0.00,'','/baobao-admin/editNotice','修改公告','',3,'edit',0,NULL,b'1'),
	('190944998311596032',NULL,'2019-09-30 11:59:36',0,NULL,'2019-09-30 14:16:52',NULL,'','190708590103760896',1,0.00,'','/baobao-admin/deleteNotice*','删除公告','',3,'delete',0,NULL,b'1'),
	('191025310974611456',NULL,'2019-09-30 17:18:44',0,NULL,'2019-10-02 16:31:05',NULL,'feedback','187375853154340864',0,2.80,'game/feedback/feedback','feedback','游戏反馈','md-funnel',2,'',0,NULL,b'1'),
	('191103805478146048',NULL,'2019-09-30 22:30:39',0,NULL,'2019-09-30 22:30:39',NULL,'upload-img','187375853154340864',0,2.90,'game/upload-img/uploadImg','upload-img','图片上传','md-cloud-upload',2,'',0,NULL,b'1'),
	('191273968051687424',NULL,'2019-10-01 09:46:49',0,NULL,'2019-10-02 16:31:40',NULL,'cdkey','187375853154340864',0,2.50,'game/cdkey/cdkey','cdkey','CDK码','md-key',2,'',0,NULL,b'1'),
	('192074204642807808',NULL,'2019-10-03 14:46:40',0,NULL,'2019-10-03 14:47:22',NULL,'','5129710648430593',1,1.10,'','/baobao-admin/user/getByCondition*','查看用户','',3,'view',0,NULL,b'1'),
	('192079301791715328',NULL,'2019-10-03 15:06:55',0,NULL,'2019-10-03 15:07:17',NULL,'server','187375853154340864',0,2.80,'game/server/serverManager','server','停服管理','ios-build',2,'',0,NULL,b'1'),
	('193885875149475840',NULL,'2019-10-08 14:45:36',0,NULL,'2019-10-16 10:57:50',NULL,'upload-json','187375853154340864',0,2.80,'game/upload-json/uploadJson','upload-json','json上传与加载','ios-cloud-upload',2,'',0,NULL,b'1'),
	('39915540965232640',NULL,'2018-08-09 17:42:28',0,NULL,'2019-10-18 10:12:13',NULL,'monitor','125909152017944576',0,3.00,'Main','/baobao/monitor','系统监控','ios-analytics',1,'',0,NULL,b'1'),
	('41363147411427328','','2018-08-13 17:34:43',0,'','2018-08-20 20:05:21','','log-manage','39915540965232640',0,2.20,'sys/log-manage/logManage','log-manage','操作日志管理','md-list-box',2,'',0,'',b'1'),
	('41363537456533504','','2018-08-13 17:36:16',0,'','2018-08-13 17:56:11','','','41363147411427328',1,2.11,'','/baobao-admin/log/delByIds/**','删除日志','',3,'delete',0,'',b'1'),
	('41364927394353152','','2018-08-13 17:41:48',0,'','2019-10-14 15:30:39','','','41363147411427328',1,2.12,'','/baobao-admin/log/delAll*','清空日志','',3,'clear',0,'',b'1'),
	('45069342940860416','','2018-08-23 23:01:49',0,'','2018-08-24 10:01:09','','','44986029924421632',1,1.42,'','无','查看社交账号数据','',3,'view',0,'',b'1'),
	('45235228800716800','','2018-08-24 10:01:00',0,'','2018-09-19 22:07:23','','','44986029924421632',1,1.41,'','/baobao-admin/relate/delByIds*','删除解绑','',3,'delete',0,'',b'1'),
	('45236734832676864','','2018-08-24 10:06:59',0,'','2018-09-19 22:07:07','','','43117268627886080',1,1.31,'','/baobao-admin/message/add*','添加消息','',3,'add',0,'',b'1'),
	('45237010692050944','','2018-08-24 10:08:04',0,'','2018-09-19 22:07:12','','','43117268627886080',1,1.32,'','/baobao-admin/message/edit*','编辑消息','',3,'edit',0,'',b'1'),
	('45237170029465600',NULL,'2018-08-24 10:08:42',0,NULL,'2018-08-24 10:08:42',NULL,'','43117268627886080',1,1.33,'','/baobao-admin/message/delByIds/*','删除消息','',3,'delete',0,NULL,b'1'),
	('5129710648430592','','2018-06-04 19:02:29',0,'','2019-10-18 10:11:01','','sys','125909152017944576',0,1.00,'Main','/baobao/sys','系统管理','ios-settings',1,'',0,'',b'1'),
	('5129710648430593','','2018-06-04 19:02:32',0,'','2018-08-13 15:15:33','','user-manage','5129710648430592',0,1.10,'sys/user-manage/userManage','user-manage','用户管理','md-person',2,'',0,'',b'1'),
	('5129710648430594','','2018-06-04 19:02:35',0,'','2019-09-21 11:17:02','','role-manage','5129710648430592',0,1.60,'sys/role-manage/roleManage','role-manage','角色管理','md-contacts',2,'',0,'',b'1'),
	('5129710648430595','','2018-06-04 19:02:37',0,'','2019-09-21 11:17:14','','menu-manage','5129710648430592',0,1.70,'sys/menu-manage/menuManage','menu-manage','菜单管理','md-menu',2,'',0,'',b'1'),
	('57009544286441472',NULL,'2018-09-25 21:47:55',0,NULL,'2018-09-25 21:47:55',NULL,'','43117268627886080',1,1.40,'','/baobao-admin/messageSend/save*','添加已发送消息','',3,'add',0,NULL,b'1'),
	('57009744761589760',NULL,'2018-09-25 21:48:43',0,NULL,'2018-09-25 21:48:43',NULL,'','43117268627886080',1,1.50,'','/baobao-admin/messageSend/update*','编辑已发送消息','',3,'edit',0,NULL,b'1'),
	('57009981228060672',NULL,'2018-09-25 21:49:39',0,NULL,'2018-09-25 21:49:39',NULL,'','43117268627886080',1,1.60,'','/baobao-admin/messageSend/delByIds/*','删除已发送消息','',3,'delete',0,NULL,b'1'),
	('57212882168844288','','2018-09-26 11:15:55',0,'','2018-10-08 11:10:05','','','56309618086776832',1,1.41,'','无','上传文件','',3,'upload',0,'',b'1'),
	('61560041605435392',NULL,'2018-10-08 11:09:58',0,NULL,'2018-10-08 11:09:58',NULL,'','56309618086776832',1,1.42,'','/baobao-admin/file/rename*','重命名文件','',3,'edit',0,NULL,b'1'),
	('61560275261722624',NULL,'2018-10-08 11:10:54',0,NULL,'2018-10-08 11:10:54',NULL,'','56309618086776832',1,1.43,'','/baobao-admin/file/copy*','复制文件','',3,'edit',0,NULL,b'1'),
	('61560480518377472',NULL,'2018-10-08 11:11:43',0,NULL,'2018-10-08 11:11:43',NULL,'','56309618086776832',1,1.44,'','/baobao-admin/file/delete/*','删除文件','',3,'delete',0,NULL,b'1'),
	('75002207560273920','admin','2018-11-14 13:24:21',0,'admin','2018-11-20 20:06:22','','dict','5129710648430592',0,1.80,'sys/dict-manage/dictManage','dict','数据字典管理','md-bookmarks',2,'',0,'',b'1'),
	('76215889006956544','admin','2018-11-17 21:47:05',0,'admin','2018-11-17 21:47:53','','','75002207560273920',1,1.81,'','/baobao-admin/dict/add*','添加字典','',3,'add',0,'',b'1'),
	('76216071333351424','admin','2018-11-17 21:47:48',0,'admin','2018-11-17 21:47:48',NULL,'','75002207560273920',1,1.82,'','/baobao-admin/dict/edit*','编辑字典','',3,'edit',0,NULL,b'1'),
	('76216264070008832','admin','2018-11-17 21:48:34',0,'admin','2018-11-17 21:48:34',NULL,'','75002207560273920',1,1.83,'','/baobao-admin/dict/delByIds/**','删除字典','',3,'delete',0,NULL,b'1'),
	('76216459709124608','admin','2018-11-17 21:49:21',0,'admin','2018-11-17 21:49:21',NULL,'','75002207560273920',1,1.84,'','/baobao-admin/dictData/add*','添加字典数据','',3,'add',0,NULL,b'1'),
	('76216594207870976','admin','2018-11-17 21:49:53',0,'admin','2018-11-17 21:49:53',NULL,'','75002207560273920',1,1.85,'','/baobao-admin/dictData/edit*','编辑字典数据','',3,'edit',0,NULL,b'1'),
	('76216702639017984','admin','2018-11-17 21:50:18',0,'admin','2018-11-17 21:50:18',NULL,'','75002207560273920',1,1.86,'','/baobao-admin/dictData/delByIds/**','删除字典数据','',3,'delete',0,NULL,b'1');

/*!40000 ALTER TABLE `t_permission` ENABLE KEYS */;
UNLOCK TABLES;


# Dump of table t_role
# ------------------------------------------------------------

DROP TABLE IF EXISTS `t_role`;

CREATE TABLE `t_role` (
  `id` varchar(255) NOT NULL,
  `create_by` varchar(255) DEFAULT NULL,
  `create_time` datetime DEFAULT NULL,
  `update_by` varchar(255) DEFAULT NULL,
  `update_time` datetime DEFAULT NULL,
  `name` varchar(255) DEFAULT NULL,
  `del_flag` int(11) DEFAULT NULL,
  `default_role` bit(1) DEFAULT NULL,
  `description` varchar(255) DEFAULT NULL,
  `data_type` int(11) DEFAULT NULL,
  PRIMARY KEY (`id`)
) ENGINE=InnoDB DEFAULT CHARSET=utf8;

LOCK TABLES `t_role` WRITE;
/*!40000 ALTER TABLE `t_role` DISABLE KEYS */;

INSERT INTO `t_role` (`id`, `create_by`, `create_time`, `update_by`, `update_time`, `name`, `del_flag`, `default_role`, `description`, `data_type`)
VALUES
	('496138616573952','','2019-10-11 19:37:28','admin','2019-10-11 19:37:28','ROLE_ADMIN',0,b'0','超级管理员 拥有所有权限',0);

/*!40000 ALTER TABLE `t_role` ENABLE KEYS */;
UNLOCK TABLES;


# Dump of table t_role_permission
# ------------------------------------------------------------

DROP TABLE IF EXISTS `t_role_permission`;

CREATE TABLE `t_role_permission` (
  `id` varchar(255) NOT NULL,
  `create_by` varchar(255) DEFAULT NULL,
  `create_time` datetime DEFAULT NULL,
  `del_flag` int(11) DEFAULT NULL,
  `update_by` varchar(255) DEFAULT NULL,
  `update_time` datetime DEFAULT NULL,
  `permission_id` varchar(255) DEFAULT NULL,
  `role_id` varchar(255) DEFAULT NULL,
  PRIMARY KEY (`id`)
) ENGINE=InnoDB DEFAULT CHARSET=utf8;

LOCK TABLES `t_role_permission` WRITE;
/*!40000 ALTER TABLE `t_role_permission` DISABLE KEYS */;

INSERT INTO `t_role_permission` (`id`, `create_by`, `create_time`, `del_flag`, `update_by`, `update_time`, `permission_id`, `role_id`)
VALUES
	('1185073881321373697',NULL,'2019-10-18 14:03:26',0,NULL,'2019-10-18 14:03:26','125909152017944576','496138616573952'),
	('1185073881329762306',NULL,'2019-10-18 14:03:26',0,NULL,'2019-10-18 14:03:26','5129710648430592','496138616573952'),
	('1185073881338150913',NULL,'2019-10-18 14:03:26',0,NULL,'2019-10-18 14:03:26','5129710648430593','496138616573952'),
	('1185073881350733825',NULL,'2019-10-18 14:03:26',0,NULL,'2019-10-18 14:03:26','192074204642807808','496138616573952'),
	('1185073881363316737',NULL,'2019-10-18 14:03:26',0,NULL,'2019-10-18 14:03:26','15701400130424832','496138616573952'),
	('1185073881384288258',NULL,'2019-10-18 14:03:26',0,NULL,'2019-10-18 14:03:26','16678126574637056','496138616573952'),
	('1185073881392676866',NULL,'2019-10-18 14:03:26',0,NULL,'2019-10-18 14:03:26','15701915807518720','496138616573952'),
	('1185073881405259778',NULL,'2019-10-18 14:03:26',0,NULL,'2019-10-18 14:03:26','15708892205944832','496138616573952'),
	('1185073881422036994',NULL,'2019-10-18 14:03:26',0,NULL,'2019-10-18 14:03:26','16678447719911424','496138616573952'),
	('1185073881434619905',NULL,'2019-10-18 14:03:26',0,NULL,'2019-10-18 14:03:26','156365156580855808','496138616573952'),
	('1185073881447202818',NULL,'2019-10-18 14:03:26',0,NULL,'2019-10-18 14:03:26','5129710648430594','496138616573952'),
	('1185073881455591426',NULL,'2019-10-18 14:03:26',0,NULL,'2019-10-18 14:03:26','1182587530508267521','496138616573952'),
	('1185073881476562945',NULL,'2019-10-18 14:03:26',0,NULL,'2019-10-18 14:03:26','16687383932047360','496138616573952'),
	('1185073881489145858',NULL,'2019-10-18 14:03:26',0,NULL,'2019-10-18 14:03:26','16689632049631232','496138616573952'),
	('1185073881518505986',NULL,'2019-10-18 14:03:26',0,NULL,'2019-10-18 14:03:26','16689745006432256','496138616573952'),
	('1185073881535283202',NULL,'2019-10-18 14:03:26',0,NULL,'2019-10-18 14:03:26','16689883993083904','496138616573952'),
	('1185073881552060418',NULL,'2019-10-18 14:03:26',0,NULL,'2019-10-18 14:03:26','16690313745666048','496138616573952'),
	('1185073881560449025',NULL,'2019-10-18 14:03:26',0,NULL,'2019-10-18 14:03:26','5129710648430595','496138616573952'),
	('1185073881581420546',NULL,'2019-10-18 14:03:26',0,NULL,'2019-10-18 14:03:26','1182590620577853441','496138616573952'),
	('1185073881602392066',NULL,'2019-10-18 14:03:26',0,NULL,'2019-10-18 14:03:26','16694861252005888','496138616573952'),
	('1185073881623363586',NULL,'2019-10-18 14:03:26',0,NULL,'2019-10-18 14:03:26','1182588657152847873','496138616573952'),
	('1185073881644335105',NULL,'2019-10-18 14:03:26',0,NULL,'2019-10-18 14:03:26','16695107491205120','496138616573952'),
	('1185073881656918018',NULL,'2019-10-18 14:03:26',0,NULL,'2019-10-18 14:03:26','16695243126607872','496138616573952'),
	('1185073881677889537',NULL,'2019-10-18 14:03:26',0,NULL,'2019-10-18 14:03:26','75002207560273920','496138616573952'),
	('1185073881698861058',NULL,'2019-10-18 14:03:26',0,NULL,'2019-10-18 14:03:26','1182594574640508929','496138616573952'),
	('1185073881711443970',NULL,'2019-10-18 14:03:26',0,NULL,'2019-10-18 14:03:26','1182594732375699457','496138616573952'),
	('1185073881732415490',NULL,'2019-10-18 14:03:26',0,NULL,'2019-10-18 14:03:26','76215889006956544','496138616573952'),
	('1185073881744998402',NULL,'2019-10-18 14:03:26',0,NULL,'2019-10-18 14:03:26','76216071333351424','496138616573952'),
	('1185073881757581314',NULL,'2019-10-18 14:03:26',0,NULL,'2019-10-18 14:03:26','76216264070008832','496138616573952'),
	('1185073881782747137',NULL,'2019-10-18 14:03:26',0,NULL,'2019-10-18 14:03:26','76216459709124608','496138616573952'),
	('1185073881791135746',NULL,'2019-10-18 14:03:26',0,NULL,'2019-10-18 14:03:26','1182596240693555201','496138616573952'),
	('1185073881812107265',NULL,'2019-10-18 14:03:26',0,NULL,'2019-10-18 14:03:26','76216594207870976','496138616573952'),
	('1185073881824690177',NULL,'2019-10-18 14:03:26',0,NULL,'2019-10-18 14:03:26','76216702639017984','496138616573952'),
	('1185073881845661697',NULL,'2019-10-18 14:03:26',0,NULL,'2019-10-18 14:03:26','1183735088622374914','496138616573952'),
	('1185073881862438914',NULL,'2019-10-18 14:03:26',0,NULL,'2019-10-18 14:03:26','1183736545996214274','496138616573952'),
	('1185073881870827522',NULL,'2019-10-18 14:03:26',0,NULL,'2019-10-18 14:03:26','1183736835797454849','496138616573952'),
	('1185073881895993346',NULL,'2019-10-18 14:03:26',0,NULL,'2019-10-18 14:03:26','1183923979547701249','496138616573952'),
	('1185073881904381953',NULL,'2019-10-18 14:03:26',0,NULL,'2019-10-18 14:03:26','1183924194556112897','496138616573952'),
	('1185073881916964865',NULL,'2019-10-18 14:03:26',0,NULL,'2019-10-18 14:03:26','1183924281030078465','496138616573952'),
	('1185073881933742081',NULL,'2019-10-18 14:03:26',0,NULL,'2019-10-18 14:03:26','187375853154340864','496138616573952'),
	('1185073881950519297',NULL,'2019-10-18 14:03:26',0,NULL,'2019-10-18 14:03:26','190703255821488128','496138616573952'),
	('1185073881958907906',NULL,'2019-10-18 14:03:26',0,NULL,'2019-10-18 14:03:26','1182630141449236482','496138616573952'),
	('1185073881971490818',NULL,'2019-10-18 14:03:26',0,NULL,'2019-10-18 14:03:26','1182630362816212994','496138616573952'),
	('1185073881992462337',NULL,'2019-10-18 14:03:26',0,NULL,'2019-10-18 14:03:26','1182630584720060418','496138616573952'),
	('1185073882005045249',NULL,'2019-10-18 14:03:26',0,NULL,'2019-10-18 14:03:26','1182630729545183233','496138616573952'),
	('1185073882013433857',NULL,'2019-10-18 14:03:26',0,NULL,'2019-10-18 14:03:26','1182630905370406914','496138616573952'),
	('1185073882021822466',NULL,'2019-10-18 14:03:26',0,NULL,'2019-10-18 14:03:26','1182631077265567746','496138616573952'),
	('1185073882034405378',NULL,'2019-10-18 14:03:26',0,NULL,'2019-10-18 14:03:26','1182631208119463937','496138616573952'),
	('1185073882055376898',NULL,'2019-10-18 14:03:26',0,NULL,'2019-10-18 14:03:26','1182631544242597889','496138616573952'),
	('1185073882063765505',NULL,'2019-10-18 14:03:26',0,NULL,'2019-10-18 14:03:26','1182631633363169282','496138616573952'),
	('1185073882072154113',NULL,'2019-10-18 14:03:26',0,NULL,'2019-10-18 14:03:26','1182631780323192833','496138616573952'),
	('1185073882084737026',NULL,'2019-10-18 14:03:26',0,NULL,'2019-10-18 14:03:26','1182632615014854658','496138616573952'),
	('1185073882097319938',NULL,'2019-10-18 14:03:26',0,NULL,'2019-10-18 14:03:26','190938120525451264','496138616573952'),
	('1185073882114097154',NULL,'2019-10-18 14:03:26',0,NULL,'2019-10-18 14:03:26','1182624627810136066','496138616573952'),
	('1185073882126680065',NULL,'2019-10-18 14:03:26',0,NULL,'2019-10-18 14:03:26','190708590103760896','496138616573952'),
	('1185073882143457282',NULL,'2019-10-18 14:03:26',0,NULL,'2019-10-18 14:03:26','190944664071704576','496138616573952'),
	('1185073882151845889',NULL,'2019-10-18 14:03:26',0,NULL,'2019-10-18 14:03:26','190944889481990144','496138616573952'),
	('1185073882172817409',NULL,'2019-10-18 14:03:26',0,NULL,'2019-10-18 14:03:26','190944998311596032','496138616573952'),
	('1185073882181206017',NULL,'2019-10-18 14:03:26',0,NULL,'2019-10-18 14:03:26','1182624063097434114','496138616573952'),
	('1185073882197983233',NULL,'2019-10-18 14:03:26',0,NULL,'2019-10-18 14:03:26','191273968051687424','496138616573952'),
	('1185073882214760449',NULL,'2019-10-18 14:03:26',0,NULL,'2019-10-18 14:03:26','1182627077061373953','496138616573952'),
	('1185073882231537666',NULL,'2019-10-18 14:03:26',0,NULL,'2019-10-18 14:03:26','1182627409585795074','496138616573952'),
	('1185073882239926274',NULL,'2019-10-18 14:03:26',0,NULL,'2019-10-18 14:03:26','1184797510200246273','496138616573952'),
	('1185073882269286401',NULL,'2019-10-18 14:03:26',0,NULL,'2019-10-18 14:03:26','191025310974611456','496138616573952'),
	('1185073882311229441',NULL,'2019-10-18 14:03:26',0,NULL,'2019-10-18 14:03:26','1182625465563639810','496138616573952'),
	('1185073882336395266',NULL,'2019-10-18 14:03:26',0,NULL,'2019-10-18 14:03:26','1182625736150773761','496138616573952'),
	('1185073882348978178',NULL,'2019-10-18 14:03:26',0,NULL,'2019-10-18 14:03:26','1182625885757403138','496138616573952'),
	('1185073882374144002',NULL,'2019-10-18 14:03:26',0,NULL,'2019-10-18 14:03:26','1182626085720846337','496138616573952'),
	('1185073882390921218',NULL,'2019-10-18 14:03:26',0,NULL,'2019-10-18 14:03:26','192079301791715328','496138616573952'),
	('1185073882399309825',NULL,'2019-10-18 14:03:26',0,NULL,'2019-10-18 14:03:26','1182632014872866817','496138616573952'),
	('1185073882411892738',NULL,'2019-10-18 14:03:26',0,NULL,'2019-10-18 14:03:26','1182632135081619458','496138616573952'),
	('1185073882428669953',NULL,'2019-10-18 14:03:26',0,NULL,'2019-10-18 14:03:26','1182632271467802625','496138616573952'),
	('1185073882449641473',NULL,'2019-10-18 14:03:26',0,NULL,'2019-10-18 14:03:26','193885875149475840','496138616573952'),
	('1185073882453835778',NULL,'2019-10-18 14:03:26',0,NULL,'2019-10-18 14:03:26','1182632447133642753','496138616573952'),
	('1185073882491584513',NULL,'2019-10-18 14:03:26',0,NULL,'2019-10-18 14:03:26','1184300492201664514','496138616573952'),
	('1185073882499973121',NULL,'2019-10-18 14:03:26',0,NULL,'2019-10-18 14:03:26','191103805478146048','496138616573952'),
	('1185073882504167425',NULL,'2019-10-18 14:03:26',0,NULL,'2019-10-18 14:03:26','1185073672570863618','496138616573952'),
	('1185073882533527553',NULL,'2019-10-18 14:03:26',0,NULL,'2019-10-18 14:03:26','39915540965232640','496138616573952'),
	('1185073882562887682',NULL,'2019-10-18 14:03:26',0,NULL,'2019-10-18 14:03:26','41363147411427328','496138616573952'),
	('1185073882575470594',NULL,'2019-10-18 14:03:26',0,NULL,'2019-10-18 14:03:26','1182620673709731842','496138616573952'),
	('1185073882600636418',NULL,'2019-10-18 14:03:26',0,NULL,'2019-10-18 14:03:26','41363537456533504','496138616573952'),
	('1185073882625802241',NULL,'2019-10-18 14:03:26',0,NULL,'2019-10-18 14:03:26','41364927394353152','496138616573952');

/*!40000 ALTER TABLE `t_role_permission` ENABLE KEYS */;
UNLOCK TABLES;


# Dump of table t_server
# ------------------------------------------------------------

DROP TABLE IF EXISTS `t_server`;

CREATE TABLE `t_server` (
  `id` varchar(255) NOT NULL,
  `create_by` varchar(255) DEFAULT NULL,
  `create_time` datetime DEFAULT NULL,
  `del_flag` int(11) DEFAULT NULL,
  `update_by` varchar(255) DEFAULT NULL,
  `update_time` datetime DEFAULT NULL,
  `address` varchar(255) DEFAULT NULL,
  `name` varchar(255) DEFAULT NULL,
  `port` int(11) DEFAULT NULL,
  `status` int(11) DEFAULT NULL,
  PRIMARY KEY (`id`)
) ENGINE=InnoDB DEFAULT CHARSET=utf8;



# Dump of table t_user
# ------------------------------------------------------------

DROP TABLE IF EXISTS `t_user`;

CREATE TABLE `t_user` (
  `id` varchar(255) NOT NULL,
  `create_by` varchar(255) DEFAULT NULL,
  `create_time` datetime DEFAULT NULL,
  `update_by` varchar(255) DEFAULT NULL,
  `update_time` datetime DEFAULT NULL,
  `address` varchar(255) DEFAULT NULL,
  `avatar` varchar(1000) DEFAULT NULL,
  `description` varchar(255) DEFAULT NULL,
  `email` varchar(255) DEFAULT NULL,
  `mobile` varchar(255) DEFAULT NULL,
  `nick_name` varchar(255) DEFAULT NULL,
  `password` varchar(255) DEFAULT NULL,
  `sex` varchar(255) DEFAULT NULL,
  `status` int(11) DEFAULT NULL,
  `type` int(11) DEFAULT NULL,
  `username` varchar(255) DEFAULT NULL,
  `del_flag` int(11) DEFAULT NULL,
  `department_id` varchar(255) DEFAULT NULL,
  `street` varchar(255) DEFAULT NULL,
  `pass_strength` varchar(2) DEFAULT NULL,
  PRIMARY KEY (`id`)
) ENGINE=InnoDB DEFAULT CHARSET=utf8;

LOCK TABLES `t_user` WRITE;
/*!40000 ALTER TABLE `t_user` DISABLE KEYS */;

INSERT INTO `t_user` (`id`, `create_by`, `create_time`, `update_by`, `update_time`, `address`, `avatar`, `description`, `email`, `mobile`, `nick_name`, `password`, `sex`, `status`, `type`, `username`, `del_flag`, `department_id`, `street`, `pass_strength`)
VALUES
	('682265633886208','','2019-10-11 20:33:28','admin','2019-10-18 09:19:52','[\"500000\",\"500100\",\"500102\"]','http://10.2.21.37/images/6ced01f5jw1fb40hp3jefj21kw0zphdt.jpg','管理员','','1111','admin','$2a$10$WYi/GNQIi/EYxRZmMAklJeyWRE.S2z4nGry7TELbbpeoMv1B57Ytu','保密',0,1,'admin',0,'undefined','李渡街道','弱');

/*!40000 ALTER TABLE `t_user` ENABLE KEYS */;
UNLOCK TABLES;


# Dump of table t_user_role
# ------------------------------------------------------------

DROP TABLE IF EXISTS `t_user_role`;

CREATE TABLE `t_user_role` (
  `id` varchar(255) NOT NULL,
  `create_by` varchar(255) DEFAULT NULL,
  `create_time` datetime DEFAULT NULL,
  `del_flag` int(11) DEFAULT NULL,
  `update_by` varchar(255) DEFAULT NULL,
  `update_time` datetime DEFAULT NULL,
  `role_id` varchar(255) DEFAULT NULL,
  `user_id` varchar(255) DEFAULT NULL,
  PRIMARY KEY (`id`)
) ENGINE=InnoDB DEFAULT CHARSET=utf8;

LOCK TABLES `t_user_role` WRITE;
/*!40000 ALTER TABLE `t_user_role` DISABLE KEYS */;

INSERT INTO `t_user_role` (`id`, `create_by`, `create_time`, `del_flag`, `update_by`, `update_time`, `role_id`, `user_id`)
VALUES
	('1185002523149209601',NULL,'2019-10-18 09:19:52',0,NULL,'2019-10-18 09:19:52','496138616573952','682265633886208');

/*!40000 ALTER TABLE `t_user_role` ENABLE KEYS */;
UNLOCK TABLES;



/*!40111 SET SQL_NOTES=@OLD_SQL_NOTES */;
/*!40101 SET SQL_MODE=@OLD_SQL_MODE */;
/*!40014 SET FOREIGN_KEY_CHECKS=@OLD_FOREIGN_KEY_CHECKS */;
/*!40101 SET CHARACTER_SET_CLIENT=@OLD_CHARACTER_SET_CLIENT */;
/*!40101 SET CHARACTER_SET_RESULTS=@OLD_CHARACTER_SET_RESULTS */;
/*!40101 SET COLLATION_CONNECTION=@OLD_COLLATION_CONNECTION */;
